<?xml version="1.0" encoding="utf-8"?>
<ShellsConfiguration xmlns:xsd="http://www.w3.org/2001/XMLSchema" xmlns:xsi="http://www.w3.org/2001/XMLSchema-instance" xmlns="http://schemas.qualisystems.com/ResourceManagement/ShellsConfigurationSchema.xsd">
<ResourceTemplates>
    <ResourceTemplate Name="Zt20X6Nb" Model="Zt20X6Nb" Driver="Zt20X6NbDriver">
        <Description>Create a resource of this type in CloudShell. Once the ZT device is modeled correctly, it can be used in the CloudShell sandboxes.</Description>
        <AutoLoad Enable="true">
            <Description>Discover Mini-Circuits ZT-20X6NB Device(s), connect and populate its attributes.</Description>
        </AutoLoad>
        <Attributes>
            <Attribute Name="ZT20X6NB 1 IP" Value="" />
            <Attribute Name="ZT20X6NB 2 IP" Value="" />
            <Attribute Name="ZT20X6NB 3 IP" Value="" />
            <Attribute Name="ZT20X6NB 4 IP" Value="" />
        </Attributes>
    </ResourceTemplate>
</ResourceTemplates>
</ShellsConfiguration>